{
  "basic_persistence": true,
  "concurrent_conversations": true,
  "race_conditions": false,
  "performance_ok": true,
  "metrics": {
    "save_time_ms": 0.2753734588623047,
    "load_time_ms": 0.10609626770019531,
    "avg_save_ms": 0.3793001174926758,
    "avg_load_ms": 0.09855270385742188
  }
}
