{
  "with_normalization": {
    "validation_rate": 0.8888888888888888,
    "validated_count": 8,
    "total_count": 9,
    "avg_normalization_time_ms": 0.006145901150173611,
    "max_normalization_time_ms": 0.023126602172851562
  },
  "without_normalization": {
    "validation_rate": 0.7777777777777778,
    "validated_count": 7,
    "total_count": 9
  },
  "improvement": {
    "absolute": 0.11111111111111105,
    "percent": 11.111111111111105
  },
  "latency": {
    "avg_ms": 0.006145901150173611,
    "max_ms": 0.023126602172851562
  },
  "objectives": {
    "validation_improvement_target": "> 10%",
    "latency_target": "< 200ms",
    "validation_improvement_met": true,
    "latency_met": true
  }
}
