{
  "latency": {
    "mean": 0.9828502655029296,
    "median": 0.008337259292602539,
    "min": 0.00705718994140625,
    "max": 2.7351818084716797,
    "p95": 2.7351818084716797,
    "p99": 2.7351818084716797,
    "success_count": 0,
    "failure_count": 5,
    "success_rate": 0.0,
    "successful_latencies": {
      "mean": 0.0,
      "median": 0.0
    },
    "failed_latencies": {
      "mean": 0.9828502655029296,
      "median": 0.008337259292602539
    }
  },
  "throughput": {
    "throughput_msg_per_sec": 1.8944604553042268,
    "total_time": 2.6392738819122314,
    "avg_latency": 2.1924588203430178,
    "success_count": 0,
    "failure_count": 5,
    "success_rate": 0.0
  },
  "streaming": {
    "mean_first_token_latency": 0.6709616184234619,
    "median_first_token_latency": 0.00311279296875,
    "min_first_token_latency": 0.002131938934326172,
    "max_first_token_latency": 2.0076401233673096,
    "success_count": 3,
    "failure_count": 0,
    "success_rate": 100.0
  }
}
