{
  "latency": {
    "mean": 1.4754062175750733,
    "median": 0.009975194931030273,
    "min": 0.006855964660644531,
    "max": 3.8673861026763916,
    "p95": 3.8673861026763916,
    "p99": 3.8673861026763916,
    "success_count": 0,
    "failure_count": 5,
    "success_rate": 0.0,
    "successful_latencies": {
      "mean": 0.0,
      "median": 0.0
    },
    "failed_latencies": {
      "mean": 1.4754062175750733,
      "median": 0.009975194931030273
    }
  },
  "throughput": {
    "throughput_msg_per_sec": 1.8837784833475542,
    "total_time": 2.6542398929595947,
    "avg_latency": 2.5234446048736574,
    "success_count": 0,
    "failure_count": 5,
    "success_rate": 0.0
  },
  "streaming": {
    "mean_first_token_latency": 1.1132699648539226,
    "median_first_token_latency": 0.0030989646911621094,
    "min_first_token_latency": 0.0017919540405273438,
    "max_first_token_latency": 3.334918975830078,
    "success_count": 3,
    "failure_count": 0,
    "success_rate": 100.0
  }
}
