{
  "baseline_accuracy": 0.8807692307692307,
  "optimized_accuracy": 0.8923076923076922,
  "improvement": 0.011538461538461497,
  "improvement_pct": 1.1538461538461497,
  "baseline_time": 0.3211090564727783,
  "optimization_time": 1877.1230359077454,
  "optimized_eval_time": 21.837949752807617,
  "total_time": 1899.283005952835,
  "num_trials": 50,
  "trainset_size": 52
}
