{
  "baseline_accuracy": 0.5874345549738219,
  "optimized_accuracy": 0.8413612565445026,
  "improvement": 0.25392670157068065,
  "improvement_pct": 25.392670157068064,
  "baseline_time": 345.2660150527954,
  "optimization_time": 1867.6686239242554,
  "optimized_eval_time": 395.67283296585083,
  "total_time": 2608.609565973282,
  "num_trials": 50,
  "trainset_size": 191
}
