{
  "baseline_accuracy": 0.8603448275862068,
  "optimized_accuracy": 0.8603448275862068,
  "improvement": 0.0,
  "improvement_pct": 0.0,
  "baseline_time": 79.57740187644958,
  "optimization_time": 843.0927498340607,
  "optimized_eval_time": 0.6130328178405762,
  "total_time": 923.2838048934937,
  "num_trials": 50,
  "trainset_size": 174
}
