{
  "baseline_accuracy": 0.8519685039370078,
  "optimized_accuracy": 0.8519685039370078,
  "improvement": 0.0,
  "improvement_pct": 0.0,
  "baseline_time": 0.3876631259918213,
  "optimization_time": 769.1740121841431,
  "optimized_eval_time": 0.40399789810180664,
  "total_time": 769.9661490917206,
  "num_trials": 50,
  "trainset_size": 127
}
