{
  "baseline_accuracy": 0.7221374045801526,
  "optimized_accuracy": 0.8038167938931298,
  "improvement": 0.08167938931297714,
  "improvement_pct": 8.167938931297714,
  "baseline_time": 230.52800607681274,
  "optimization_time": 674.2477188110352,
  "optimized_eval_time": 155.26809120178223,
  "total_time": 1060.045496225357,
  "num_trials": 50,
  "trainset_size": 131
}
